{
  "band_mean": [
    0.046809314779238775,
    0.060770280309952796,
    0.04676153714535758,
    0.2637837443035096,
    0.16263572056777775,
    0.08860183268552646
  ],
  "band_std": [
    0.012670254654949531,
    0.014773787319427356,
    0.017931021502590738,
    0.04882329917745665,
    0.03444973734440282,
    0.02962361098616384
  ],
  "sample_size": 64
}